{
  "emotions": {
    "happiness": 0.33301592306149763,
    "sadness": 0.22855458891827035,
    "anger": 0.08348982079124227,
    "fear": 0.15389881220559265,
    "surprise": 0.1259979481192153,
    "disgust": 0.0750429069041818
  }
}